name,email_address,password,mobile_number
Inigo,ituffrey0@altervista.org,cqOQprQqBf1L,95558401
Meredith,mgwyther1@tripod.com,xr9R7bJCX,85555760
Vida,vmanthroppe2@upenn.edu,bGGq1vM,85556404
Aaron,ahassekl3@bing.com,ANZlrKsT,95557092
Rosanna,rszymanowicz4@xing.com,gGoYiyhu,85558539
Cori,cstanwix5@addthis.com,ujOqaiD,95551151
Gabie,gmcdavid6@about.me,5SZAq23Ju,85550025
Lynne,lwoloschinski7@example.com,X545aok3fy,85557100
Angelico,abowland8@yandex.ru,6NVEbL,95550924
Lydie,lyitzovicz9@topsy.com,2kyPt5LH,95555426
Arlette,aneatha@last.fm,CcEXbAXRk,85557340
Rowe,rohagirtieb@canalblog.com,Lf03jCOt,95551825
Man,mposselc@slate.com,z3QlgHPk0jX,95554217
Edouard,emcquilkind@feedburner.com,yfu10rH,95553088
Nananne,nmckiddine@abc.net.au,gTxRX5X6cF,85550604
Lucais,llimpennyf@mit.edu,hGAxl1a7M2s,95556386
Eleanore,eivelg@si.edu,XUhUL4paBfTn,95559190
Midge,mbeddoeh@plala.or.jp,Z2j5sLGX,85550579
Wilfred,wjeaysi@forbes.com,K9akqrmxe66,95554588
Sally,smaudlingj@w3.org,Uk6G42L,85558087
Ashby,aavrahmk@github.io,U6KgjDOf0K,85552282
Denys,dcasesl@google.co.uk,Ete7dq,95555263
Marlo,mmacleesem@freewebs.com,jCV8g9,85558660
Ronda,rhutablen@topsy.com,ToKL8dpcwDz,95556629
Cris,cbarrowclougho@aol.com,T4S1SB,95557871
Anton,amackettrickp@liveinternet.ru,ydGXdk,95555117
Grata,grizzottoq@squidoo.com,GGUfoqTw,95550161
Antoni,aprazorr@geocities.com,XTYpPxZwE,95554421
Keane,kdaingerfields@cnbc.com,ZsjYihy,95555441
Nestor,ncracknellt@angelfire.com,3ENJ2c,95550599
Marrilee,msemeniuku@army.mil,xhHQ8vp0df2D,85559524
Elnar,eburdikinv@yandex.ru,9SD1xlloU0,85551608
Jakob,jmegaheyw@comsenz.com,GVH65QcXDKXw,85552531
Augy,ahaddacksx@eventbrite.com,oNSy1MgSWng,85550890
Gerrie,gkirtleyy@umn.edu,sPFxVD6Y,95558096
Joice,jfinkerz@posterous.com,LIBM3gtSv,95558948
Harley,hlisciardelli10@wired.com,6HVShao,95558982
Ivar,icrees11@phpbb.com,4FwB26W,95559169
Bartolomeo,bwelsby12@huffingtonpost.com,O7nwK4eswtK,85553576
Rodd,rdodgshon13@mit.edu,CL2KusIuel,95550227
Lanie,lgreening14@yellowpages.com,qptubB9huKOZ,95556425
Elvin,edochon15@oaic.gov.au,NQysrmaD431,85553101
Jaynell,jbedbury16@webs.com,gvOxlriP,95554492
Dalenna,dcreswell17@hp.com,5ycnzG,95559328
Mignonne,mbierton18@adobe.com,WaMWMuDz,95558191
Bordy,bsolomonides19@dailymail.co.uk,9H7mTajY,85555693
Lorri,lleguin1a@mtv.com,pCRRb5iTahLO,85556549
Janaye,jrowdell1b@noaa.gov,xwjYMdWa,85554604
Kendal,kjordison1c@friendfeed.com,cnZv5ocOK,95552941
Darci,dblyth1d@github.com,kM62aQm0hl,95554423
Camellia,cchisnell1e@i2i.jp,Bzr15fwF,85555865
Nate,ndunlap1f@timesonline.co.uk,n7LfBEXNGYd,85556134
Roley,rduckering1g@ft.com,ELKkEvmO1,85557760
Karyl,kpettet1h@photobucket.com,jWm2X2lFEMY1,95559534
Billy,bketley1i@angelfire.com,OS025PyQ,85552679
Sasha,selsley1j@last.fm,Kd0yqfGj,95551584
Waring,wlightman1k@ameblo.jp,A8B2h6IWT3Q6,85554542
Janka,jrodgman1l@webnode.com,UhiqLjWTM,95558939
Bat,besom1m@pen.io,5CuLmt,95553894
Julissa,jvarnals1n@biblegateway.com,WvkVeaT8LL1c,95556547
Gray,gsimpson1o@apple.com,IQQQxVLMVSLn,95559433
Halimeda,hstoacley1p@vinaora.com,PaxK9VwTKHS,85552071
Garrett,ggawthorpe1q@miibeian.gov.cn,8xat8MZ,85555909
Roddy,rgrasser1r@github.com,5lT9rZYmVWp,95551695
Gayelord,gmacartney1s@bbb.org,PI4TIj3MI,85552240
Haskel,hwhitehall1t@fema.gov,z0bEG2zwNC8u,85554520
Sauveur,sjuggins1u@jugem.jp,rFt0i4,95558935
Ellie,ebowgen1v@example.com,2jYRSlhizr,95556769
Myles,mdomerq1w@mozilla.org,mP5Kovc72or,95559139
Hillary,hbearne1x@webs.com,FSxl3w,85551898
Maude,mtwidle1y@usda.gov,L1I1qZzfvm,85554938
Brear,bderricoat1z@prweb.com,tUJ0VP03yh4,95550359
Judah,jdurnian20@house.gov,sScbbx,85555561
Aili,abenzi21@google.com.au,jtFOOFHOyewY,95550798
Leonidas,lkarran22@godaddy.com,4AZd3Q,85551789
Koralle,kvittery23@columbia.edu,qX6Lcl4,85555266
Lorilyn,lgleave24@mozilla.org,6nZK5RLyBPf,85550513
Ollie,ogullivent25@jugem.jp,fNaapWVsT8C,95550990
Price,pcudihy26@stanford.edu,zaAqGiNUJIWn,85555741
Basilius,bcordet27@bandcamp.com,bcijqmqQS,95553793
Tillie,twolfers28@skype.com,v8HLfWM,95552563
Kimberlyn,kgregorace29@mozilla.com,TQRTGgjLODzc,95554949
Adler,arowlinson2a@cisco.com,Fy1shoQ9,95559592
Phineas,pjindra2b@businessweek.com,ljayfL,85550843
Titus,tmacdougall2c@mail.ru,bOGvJO7LRazi,95554540
Josephina,jstobbe2d@woothemes.com,gYpfTy8I7BFY,85552337
Merilee,mtorri2e@ocn.ne.jp,ybKWNAYc3,85557535
Colline,cmossom2f@scientificamerican.com,i7g3ig2Ylj,95554710
Kirsti,kjoscelin2g@biglobe.ne.jp,hlnShV,85554301
Francene,ftweede2h@digg.com,XE0DtU9cQEOE,95550823
Lilias,lmccarty2i@independent.co.uk,fygIuX,95556536
Catharine,cedgson2j@feedburner.com,DisUxUslm,85552152
Stan,swhitwham2k@disqus.com,GVEU7Rb,95559194
Annetta,ajosey2l@vinaora.com,5ZkPZGku,95555535
Thomasina,tcluff2m@sakura.ne.jp,nmzg8jd41U,95557569
Genvieve,gkevis2n@tuttocitta.it,Xo8DQZD9tnjQ,95557452
Jason,jason@airhdb.com,ymdmA6VH8,85553641
Clifton,clifton@airhdb.com,WwyGhtZ1Amp,85553414
Hari,hari@airhdb.com,rHBE9alMRmM,95552443
Bryan,bryan@airhdb.com,rREPPKQit,95552738
